"","mean","sd","q0.025","q0.5","q0.975","median","mean.mc_std_err","sd.mc_std_err"
"1",1298.18187883941,3113.05682586933,327.634586851979,741.878474522687,5112.78675676026,741.878474522687,98.4435005528126,764.238823916466
