"","mean","sd","q0.025","q0.5","q0.975","median","mean.mc_std_err","sd.mc_std_err"
"1",623.048401037032,2707.18581446657,112.002701691335,322.567776702026,2514.24551570701,322.567776702026,85.6087322301238,1222.90526791061
